{
  "ACTOR.TypeCharacter": "Personatge",
  "ACTOR.TypeNpc": "PNJ",
  "ACTOR.TypeVehicle": "Vehicle",
  "ACTOR.TypeOrganization": "Organizació",

  "ITEM.TypeItem": "Objecte",
  "ITEM.TypeWeapon": "Arma",
  "ITEM.TypeArmor": "Armadura",

  "Hitos.Roll.Elegir": "¿Quins daus mantens?",
  "Hitos.Roll.Afectar": "¿Com vols influir?",  
  "Hitos.Extras": "Extra",
  "Hitos.Biografia": "Biografia",
  "Hitos.Descripcion": "Descripció",
  "Hitos.Aguante": "Aguant",
  "Hitos.Entereza": "Enteresa",
  "Hitos.Concepto": "Concepte",
  "Hitos.ConceptoEjemplo": "Gran persona, millor PJ",
  "Hitos.Cita": "Cita",
  "Hitos.CitaEjemplo": "Dona'm uns daus y mouré el món.",
  "Hitos.Hitos": "Hitos",
  "Hitos.Complicacion": "Complicació",
  "Hitos.FOR": "FORTALESA",
  "Hitos.VOL": "VOLUNTAT",
  "Hitos.INT": "INTEL·LECTE",
  "Hitos.REF": "REFLEXES",
  "Hitos.REC": "RECURSOS",
  "Hitos.INF": "INFLUÈNCIA",
  "Hitos.POD": "PODER",
  "Hitos.TAM": "TAMANY",
  "Hitos.EST": "ESTABILITAT",
  "Hitos.MAN": "MANEIG",  
  "Hitos.TEC": "TECNOLOGIA",
  "Hitos.Drama": "Drama",
  "Hitos.FFisica": "F. Física",
  "Hitos.Combate": "Combat",
  "Hitos.Adicional": "Adicional",
  "Hitos.Tripulantes": "Tripulants",
  "Hitos.Especial": "Especial",
  "Hitos.Interaccion": "Interacció",
  "Hitos.Percepcion": "Percepció",
  "Hitos.Subterfugio": "Subterfugi",
  "Hitos.Cultura": "Cultura",
  "Hitos.Profesion": "Professió",
  "Hitos.Psiquico": "Psíquic",
  "Hitos.Ocultismo": "Ocultisme",
  "Hitos.Brujeria": "Bruixeria",
  "Hitos.Arcanas": "Arcanes",
  "Hitos.ArmaDanio": "Mal de l'arma",
  "Hitos.HitosComplicaciones": "Hitos",
  "Hitos.Tipo": "Tipus",
  "Hitos.Iniciativa": "Iniciativa",
  "Hitos.Ataque": "Atac",
  "Hitos.RD": "Resistència al Mal",
  "Hitos.Defensa": "Defensa",
  "Hitos.Normal": "Normal",
  "Hitos.Desprevenido": "Desprevingut",
  "Hitos.Danio.Cuerpo": "Bonif. CaC",
  "Hitos.Danio.Distancia": "Bonif. Dist.",
  "Hitos.Bonificador": "Bonificador al Mal",
  "Hitos.Arma.Cuerpo": "Cos a cos",
  "Hitos.Arma.Distancia": "A distància",
  "Hitos.Resistencia": "Resistència",
  "Hitos.EstabilidadMental": "Estabilitat mental",
  "Hitos.Atributos": "Atributs",
  "Hitos.Habilidades": "Habilitats",
  "Hitos.Bio": "Personal",
  "Hitos.Estadisticas": "Característiques",
  "Hitos.Inventario": "Inventari",
  "Hitos.Armas": "Armes",
  "Hitos.Armaduras": "Armadures",
  "Hitos.Roll.Atributo": "Atribut",
  "Hitos.Roll.Mod": "Modificador",
  "Hitos.Roll.Tirar": "Llançar!",
  "Hitos.Mental.Cuerdo": "Estable",
  "Hitos.Mental.Alterado": "Alterat",
  "Hitos.Mental.Trastornado": "Trastornat",
  "Hitos.Mental.Enloquecido": "Enbogit",
  "Hitos.Motivacion": "Motivació",
  "Hitos.Notas": "Notes",
  "Hitos.Estado": "Estat",
  "Hitos.Salud.Sano": "Sa",
  "Hitos.Salud.Herido": "Ferit",
  "Hitos.Salud.Incapacitado": "Incapacitat",
  "Hitos.Salud.Moribundo": "Moribund",
  "Hitos.Cantidad": "Quantitat",
  "Hitos.Degeneracion.Titulo": "Degeneració",
  "Hitos.Degeneracion.EstadoActual": "Estat actual",
  "Hitos.Secuelas": "Seqüeles i trastorns"
}
